"Reference","Qty","Value","DNP","Exclude from BOM","Exclude from Board","Footprint","Datasheet"
"C1,C2,C4,C35,C37","5","0.1uF","","","","Capacitor_SMD:C_0402_1005Metric","~"
"C3","1","2.7p","","","","Capacitor_SMD:C_0402_1005Metric","~"
"C5,C6,C15,C16","4","15p","","","","Capacitor_SMD:C_0402_1005Metric","~"
"C7,C8","2","33p","","","","Capacitor_SMD:C_0402_1005Metric","~"
"C14","1","22n","","","","Capacitor_SMD:C_0402_1005Metric","~"
"C17,C18,C32","3","10u","","","","Capacitor_SMD:C_0805_2012Metric","~"
"C19,C21,C22,C24,C26,C27,C28,C29,C30,C31","10","100n","","","","Capacitor_SMD:C_0402_1005Metric","~"
"C20","1","10n","","","","Capacitor_SMD:C_0402_1005Metric","~"
"C23,C25","2","1u","","","","Capacitor_SMD:C_0402_1005Metric","~"
"C33,C36","2","4.7uF","","","","Capacitor_Tantalum_SMD:CP_EIA-2012-12_Kemet-R_HandSolder","~"
"C34","1","100p","","","","Capacitor_SMD:C_0402_1005Metric","~"
"D1","1","BPW34-SMD","","","","OptoDevice:Osram_BPW34S-SMD","https://dammedia.osram.info/media/resource/hires/osram-dam-5488319/BPW%2034%20S_EN.pdf"
"D2","1","LED","","","","LED_SMD:LED_0805_2012Metric","~"
"D3,D4,D5","3","LED","","","","LED_SMD:LED_0603_1608Metric","~"
"H1,H2,H3,H4","4","MountingHole","","","","MountingHole:MountingHole_2.7mm_M2.5","~"
"J1","1","Conn_01x02","","","","Connector_PinHeader_2.54mm:PinHeader_1x02_P2.54mm_Vertical","~"
"J2","1","USB_C_Receptacle_USB2.0_16P","","","","Connector_USB:USB_C_Receptacle_GCT_USB4105-xx-A_16P_TopMnt_Horizontal","https://www.usb.org/sites/default/files/documents/usb_type-c.zip"
"J3,J4","2","Conn_01x19","","","","Connector_PinHeader_2.54mm:PinHeader_1x19_P2.54mm_Vertical","~"
"N-MOS1","1","~","","","","Package_TO_SOT_SMD:SOT-23",""
"R1","1","20k","","","","Resistor_SMD:R_0402_1005Metric","~"
"R2,R3","2","8.2k","","","","Resistor_SMD:R_0402_1005Metric","~"
"R4","1","33k","","","","Resistor_SMD:R_0402_1005Metric","~"
"R5","1","7.5k","","","","Resistor_SMD:R_0402_1005Metric","~"
"R6","1","6.8k","","","","Resistor_SMD:R_0402_1005Metric","~"
"R8","1","27k","","","","Resistor_SMD:R_0402_1005Metric","~"
"R13","1","40","","","","Resistor_SMD:R_0402_1005Metric","~"
"R14","1","10","","","","Resistor_SMD:R_0402_1005Metric","~"
"R15","1","75k","","","","Resistor_SMD:R_0402_1005Metric","~"
"R16,R18,R31","3","1k","","","","Resistor_SMD:R_0402_1005Metric","~"
"R19,R20","2","27","","","","Resistor_SMD:R_0402_1005Metric","~"
"R21,R22","2","5.1k","","","","Resistor_SMD:R_0402_1005Metric","~"
"R23,R24","2","220k","","","","Resistor_SMD:R_0805_2012Metric_Pad1.20x1.40mm_HandSolder","~"
"R27","1","220","","","","Resistor_SMD:R_0402_1005Metric","~"
"R28,R30","2","470","","","","Resistor_SMD:R_0402_1005Metric","~"
"R29","1","1.6M","","","","Resistor_SMD:R_0805_2012Metric","~"
"TP1,TP2,TP4,TP5,TP6,TP7","6","TestPoint","","","","TestPoint:TestPoint_Pad_D2.0mm","~"
"U1","1","AD8656","","","","Package_SO:SOIC-8_3.9x4.9mm_P1.27mm","https://www.analog.com/media/en/technical-documentation/data-sheets/ad8655_8656.pdf"
"U2","1","PGA112","","","","Package_SO:TSSOP-10_3x3mm_P0.5mm","http://www.ti.com/lit/ds/sbos424c/sbos424c.pdf"
"U3","1","AD8655","","","","Package_SO:SOIC-8_3.9x4.9mm_P1.27mm","https://www.analog.com/media/en/technical-documentation/data-sheets/ad8655_8656.pdf"
"U5","1","NCP1117-3.3_SOT223","","","","Package_TO_SOT_SMD:SOT-223-3_TabPin2","http://www.onsemi.com/pub_link/Collateral/NCP1117-D.PDF"
"U6","1","W25Q128JVS","","","","Package_SO:SOIC-8_5.3x5.3mm_P1.27mm","http://www.winbond.com/resource-files/w25q128jv_dtr%20revc%2003272018%20plus.pdf"
"U7","1","RP2040","","","","RP2040_minimal:RP2040-QFN-56",""
"Y1","1","ABM8-272-T3","","","","Crystal:Crystal_SMD_3225-4Pin_3.2x2.5mm","~"
"AND1","1","~","DNP","Excluded from BOM","Excluded from board","Package_TO_SOT_SMD:SOT-23-6",""
"C9","1","4.7uF","DNP","Excluded from BOM","Excluded from board","","~"
"C10","1","100p","DNP","Excluded from BOM","Excluded from board","","~"
"C11,C12,C13","3","0.1uF","DNP","Excluded from BOM","Excluded from board","","~"
"JP1,JP3,JP4","3","SolderJumper_2_Open","DNP","Excluded from BOM","Excluded from board","Jumper:SolderJumper-2_P1.3mm_Open_Pad1.0x1.5mm","~"
"JP2,JP6,JP8","3","SolderJumper_2_Open","","Excluded from BOM","","Jumper:SolderJumper-2_P1.3mm_Open_Pad1.0x1.5mm","~"
"JP5","1","Jumper_Filter_Bypass","","Excluded from BOM","","Jumper:SolderJumper-2_P1.3mm_Open_Pad1.0x1.5mm","~"
"JP7","1","Jumper_HP_MODE","","Excluded from BOM","","Jumper:SolderJumper-2_P1.3mm_Open_Pad1.0x1.5mm","~"
"Q1,Q3","2","AO3400A","DNP","Excluded from BOM","Excluded from board","Package_TO_SOT_SMD:SOT-23","http://www.aosmd.com/pdfs/datasheet/AO3400A.pdf"
"R7","1","500","DNP","Excluded from BOM","Excluded from board","","~"
"R9,R10","2","1k","DNP","Excluded from BOM","Excluded from board","","~"
"R11,R12","2","1Meg","DNP","Excluded from BOM","Excluded from board","","~"
"R17","1","DNF","DNP","Excluded from BOM","","Resistor_SMD:R_0402_1005Metric","~"
"R25,R26","2","RSHUNT_BACKUP","DNP","Excluded from BOM","","Resistor_SMD:R_0805_2012Metric_Pad1.20x1.40mm_HandSolder","~"
"TP3,TP8,TP9,TP10","4","TestPoint","DNP","Excluded from BOM","Excluded from board","TestPoint:TestPoint_Pad_D2.0mm","~"
"U4","1","LM4040DBZ-2.5","DNP","Excluded from BOM","Excluded from board","Package_TO_SOT_SMD:SOT-23","http://www.ti.com/lit/ds/symlink/lm4040-n.pdf"
"XOR1,XOR2","2","~","DNP","Excluded from BOM","Excluded from board","Package_TO_SOT_SMD:SOT-23-5",""
